Key,Page,English,Arabic
home.step1_title,homepage,Send us your list,أرسل لنا قائمتك
home.step1_desc,homepage,"CSV, Excel, whatever you have. We've seen it all. No judgment, no questions.","CSV، Excel، أياً كان ما لديك. لقد رأينا كل شيء. لا أحكام، لا أسئلة."
home.step2_title,homepage,We review every address,نراجع كل عنوان
home.step2_desc,homepage,"One by one. Looking for bounces, spam traps, disposables, and reputation killers.","واحداً تلو الآخر. نبحث عن الارتدادات، فخاخ السبام، العناوين المؤقتة، وقاتلات السمعة."
home.step3_title,homepage,Get your clean list back,استلم قائمتك النظيفة
home.step3_desc,homepage,With clear labels and a report. You'll know exactly what to do with each address.,مع تسميات واضحة وتقرير. ستعرف بالضبط ما يجب فعله مع كل عنوان.
home.crisis_title,homepage,Crisis Mode?,وضع الأزمة؟
home.crisis_cta,homepage,Email the SOS Hotline,راسل خط الطوارئ SOS
home.final_title,homepage,Ready to know what's in your list?,جاهز لمعرفة ما بداخل قائمتك؟
home.final_cta,homepage,Get My List Cleaned,نظف قائمتي
home.symptoms_title,homepage,Sound familiar?,يبدو مألوفاً؟
home.symptoms_subtitle,homepage,You're not alone. These are the patterns we see every day.,لست وحدك. هذه هي الأنماط التي نراها كل يوم.
home.symptom_1,homepage,<strong>No idea</strong> where half this list came from.,<strong>لا فكرة</strong> من أين جاء نصف هذه القائمة.
home.symptom_2,homepage,One tool says <strong>clean</strong>. Another says <strong>risky</strong>.,أداة تقول <strong>نظيفة</strong>. وأخرى تقول <strong>خطرة</strong>.
home.symptom_3,homepage,"<strong>Scared to remove</strong> subscribers, even the ones who never open.","<strong>خائف من إزالة</strong> المشتركين، حتى الذين لا يفتحون الرسائل أبداً."
home.symptom_4,homepage,Haven't emailed this list in <strong>months</strong>. Afraid to restart.,لم تراسل هذه القائمة منذ <strong>أشهر</strong>. خائف من البدء مجدداً.
home.symptom_5,homepage,Paid for list cleaning <strong>yesterday</strong>. Bounces <strong>today</strong>.,دفعت لتنظيف القائمة <strong>أمس</strong>. ارتدادات <strong>اليوم</strong>.
home.symptom_6,homepage,Open rates <strong>dropped</strong> and nobody can explain why.,معدلات الفتح <strong>انخفضت</strong> ولا أحد يستطيع تفسير السبب.
home.symptom_7,homepage,List keeps <strong>growing</strong>. Revenue <strong>doesn't</strong>.,القائمة تستمر في <strong>النمو</strong>. الإيرادات <strong>لا تنمو</strong>.
home.symptom_8,homepage,"Emails <strong>not inboxing</strong> anymore, going to spam or nowhere at all.","الرسائل <strong>لا تصل للوارد</strong> بعد الآن، تذهب للسبام أو لا تصل أبداً."
home.crisis_subtitle,homepage,"If any of these are true, start here.","إذا كان أي من هذا صحيحاً، ابدأ من هنا."
home.crisis_item_1,homepage,ESP sent a compliance warning or paused your sending.,أرسل مزود الخدمة (ESP) تحذيراً بالامتثال أو أوقف إرسالك مؤقتاً.
home.crisis_item_2,homepage,"Blocklisted, or you think you might be.","في القائمة السوداء، أو تعتقد أنك قد تكون كذلك."
home.crisis_item_3,homepage,Last send spiked bounces. Now everyone's afraid to send again.,آخر إرسال تسبب في ارتفاع الارتدادات. الآن الجميع خائف من الإرسال مجدداً.
home.steps_title,homepage,How we actually work,كيف نعمل فعلياً
home.steps_subtitle,homepage,Simple process. Expert execution. Real results.,عملية بسيطة. تنفيذ خبير. نتائج حقيقية.
home.step1_number,homepage,Step 01,الخطوة 01
home.step2_number,homepage,Step 02,الخطوة 02
home.step3_number,homepage,Step 03,الخطوة 03
home.steps_whisper,homepage,No outsourcing. No AI guesswork. Just experienced eyes on every list.,لا تعهيد خارجي. لا تخمينات ذكاء اصطناعي. فقط عيون خبيرة على كل قائمة.
home.pullquote_text,homepage,"""She cleaned and organized our database with incredible efficiency and set us up for long-term success.""","""لقد نظفت ونظمت قاعدة بياناتنا بكفاءة مذهلة وهيأتنا للنجاح على المدى الطويل."""
home.pullquote_author,homepage,"Sam Cande, UK","سام كاندي، المملكة المتحدة"
home.manifesto_text,homepage,You've probably run your list through a tool before. It said 95% valid. You sent anyway. Bounces happened. That's the gap between validation and understanding.,ربما مررت قائمتك عبر أداة من قبل. قالت 95% صالح. أرسلت على أي حال. حدثت ارتدادات. هذه هي الفجوة بين التحقق والفهم.
home.features_title,homepage,What you actually get,ما تحصل عليه فعلياً
home.feature1_title,homepage,Clear action labels,تسميات عمل واضحة
home.feature1_desc,homepage,"Every email marked Keep, Monitor, or Suppress. No ambiguity, no guessing what to do next.","كل بريد يحمل علامة احتفاظ، مراقبة، أو حجب. لا غموض، لا تخمين لما يجب فعله تالياً."
home.feature2_title,homepage,Detailed reasoning,أسباب مفصلة
home.feature2_desc,homepage,"Not just 'risky', we tell you why. Spam trap patterns, domain issues, behavioral signals.","ليس مجرد 'خطر'، نخبرك لماذا. أنماط فخاخ سبام، مشاكل نطاق، إشارات سلوكية."
home.feature3_title,homepage,Expert interpretation included,تفسير الخبراء مشمول
home.feature3_desc,homepage,"Not just data, context. Every list review includes a walkthrough of your results. I explain what I found, what it means, and exactly what to do next.","ليس مجرد بيانات، بل سياق. كل مراجعة قائمة تتضمن شرحاً لنتائجك. أشرح ما وجدته، وما يعنيه، وما يجب فعله تالياً بالضبط."
home.quiz_cta_title,homepage,Not sure if your list needs this?,لست متأكداً مما إذا كانت قائمتك تحتاج هذا؟
home.quiz_cta_subtext,homepage,"Take a 2-minute self-assessment. Four questions about how you built your list, and we'll tell you what risk level you're probably at.","قم بتقييم ذاتي لمدة دقيقتين. أربعة أسئلة حول كيفية بناء قائمتك، وسنخبرك بمستوى الخطر الذي يحتمل أن تكون فيه."
home.quiz_cta_button,homepage,Take the 2-Minute Risk Check,قم بفحص المخاطر في دقيقتين
home.testimonials_title,homepage,People who trusted us,أشخاص وثقوا بنا
home.testimonials_subtitle,homepage,Real feedback from real senders.,آراء حقيقية من مرسلين حقيقيين.
home.testimonial1_name,homepage,Megan S.,ميجان س.
home.testimonial1_role,homepage,UK,المملكة المتحدة
home.testimonial1_quote,homepage,"""The SOS Hotline gave me extremely helpful guidance. Yanna-Torry cleaned our list and supported us beyond the call.""","""أعطاني خط الطوارئ SOS توجيهاً مفيداً للغاية. قامت يانا-توري بتنظيف قائمتنا ودعمتنا لما هو أبعد من المكالمة."""
home.testimonial2_name,homepage,Chris Mead,كريس ميد
home.testimonial2_role,homepage,UK,المملكة المتحدة
home.testimonial2_quote,homepage,"""Real human expertise. Tailor-made solutions. Not an AI tool.""","""خبرة بشرية حقيقية. حلول مصممة خصيصاً. ليست أداة ذكاء اصطناعي."""
home.testimonial3_name,homepage,Adeola Sole,أديولا سول
home.testimonial3_role,homepage,UK,المملكة المتحدة
home.testimonial3_quote,homepage,"""RME provides deep insights our ESP misses and helped us segment smarter.""","""توفر RME رؤى عميقة يفتقدها مزود الخدمة لدينا وساعدتنا في التقسيم بذكاء أكبر."""
home.final_subtext,homepage,"Send us your list. We'll tell you exactly what's safe to send, what needs watching, and what will hurt you.","أرسل لنا قائمتك. سنخبرك بالضبط ما هو آمن للإرسال، وما يحتاج للمراقبة، وما الذي سيؤذيك."
home.final_footer,homepage,Most lists returned within 24 hours.,تُعاد معظم القوائم خلال 24 ساعة.
ui.menu_open,common,Open menu,افتح القائمة
ui.menu_close,common,Close menu,أغلق القائمة
sos.bridge_dfy_cta,sos-hotline,See What You Get,انظر ماذا ستحصل
sos.bridge_dfy_desc,sos-hotline,"Send us your list. We review every address and return it labeled: Keep, Monitor, or Suppress.","أرسل لنا قائمتك. نراجع كل عنوان ونعيده مصنفاً: احتفاظ، مراقبة، أو حجب."
sos.bridge_dfy_title,sos-hotline,Done-For-You Review,مراجعة متكاملة (Done-For-You)
sos.bridge_expert_cta,sos-hotline,See the Process,شاهد العملية
sos.bridge_expert_desc,sos-hotline,Every list review includes a walkthrough of your results. We explain what we found.,كل مراجعة قائمة تتضمن شرحاً لنتائجك. نحن نوضح ما وجدناه.
sos.bridge_expert_title,sos-hotline,Expert Interpretation,تفسير الخبراء
sos.bridge_intro,sos-hotline,"SOS gives you guidance. If you need someone to actually touch your data, we offer:","SOS يعطيك التوجيه. إذا كنت بحاجة لشخص يلمس بياناتك فعلياً، نحن نقدم:"
sos.bridge_title,sos-hotline,Need More Than Advice?,تحتاج أكثر من مجرد نصيحة؟
sos.final_cta_subtext,sos-hotline,"Email us. Within 48 hours. Often sooner.","راسلنا عبر البريد الإلكتروني. الرد خلال 48 ساعة. وغالباً قبل ذلك."
sos.final_cta_title,sos-hotline,Ready to Ask Your Question?,جاهز لطرح سؤالك؟
sos.how_step1,sos-hotline,You send an email to the SOS Hotline,ترسل بريداً إلكترونياً إلى SOS Hotline
sos.how_step2,sos-hotline,You receive an automatic reply confirming we got it,تتلقى رداً تلقائياً يؤكد استلامنا لرسالتك
sos.how_step3,sos-hotline,YT personally reads and responds within 48 hours,تقرأ يانا-توري الرسائل شخصياً وترد خلال 48 ساعة
sos.topic_career_advice,sos-hotline,Career advice,نصائح مهنية
sos.why_free_p1,sos-hotline,"We offer real help without charging because it is the right thing to do. Most questions fall into a few common patterns I see every week. Some people need a quick answer. Some need deeper support. Either way, the conversation starts the same.","نقدم مساعدة حقيقية مجاناً ببساطة لأن هذا هو الشيء الصحيح الذي ينبغي فعله. معظم الأسئلة تقع ضمن أنماط شائعة أراها كل أسبوع. البعض يحتاج لإجابة سريعة. البعض يحتاج دعماً أعمق. في كلتا الحالتين، تبدأ المحادثة بنفس الطريقة."
sos.why_free_p2,sos-hotline,"If you need more than guidance, we offer done-for-you list reviews with expert interpretation included. But there is no pressure. The SOS Hotline exists to help, not to sell.","إذا كنت بحاجة لأكثر من التوجيه، نحن نقدم مراجعات قوائم متكاملة تتضمن تفسير الخبراء. لكن لا ضغوط. خط الطوارئ SOS موجود للمساعدة، وليس للبيع."
sos.why_tagline,sos-hotline,Trust beats tactics.,الثقة تغلب التكتيكات.
sos.more_intro,sos-hotline,"SOS gives you guidance. If you need someone to actually touch your data, we offer:","SOS يعطيك التوجيه. إذا كنت بحاجة لشخص يلمس بياناتك فعلياً، نحن نقدم:"
sos.more_dfy_desc,sos-hotline,"Send us your list. We review every address and return it labeled: Keep, Monitor, or Suppress. Each gets a clear label, a definition, and why it matters.","أرسل لنا قائمتك. نراجع كل عنوان ونعيده مصنفاً: احتفاظ، مراقبة، أو حجب. كل واحد يحصل على تصنيف واضح، تعريف، ولماذا هو مهم."
sos.more_expert_desc,sos-hotline,"Every list review includes a walkthrough of your results. We explain what we found, what it means, and what to do next. Included free with every cleaning.","كل مراجعة قائمة تتضمن شرحاً لنتائجك. نشرح ما وجدناه، وما يعنيه، وما يجب فعله تالياً. مشمول مجاناً مع كل عملية تنظيف."
sos.testimonial1_quote,sos-hotline,"The SOS Hotline gave me extremely helpful guidance. Yanna-Torry cleaned our list and supported us beyond the call.","أعطاني خط الطوارئ SOS توجيهاً مفيداً للغاية. قامت يانا-توري بتنظيف قائمتنا ودعمتنا لما هو أبعد من المكالمة."
sos.testimonial1_author,sos-hotline,"Megan S, UK","ميجان س، المملكة المتحدة"
sos.testimonial2_quote,sos-hotline,Real human expertise. Tailor-made solutions. Not an AI tool.,خبرة بشرية حقيقية. حلول مصممة خصيصاً. ليست أداة ذكاء اصطناعي.
sos.testimonial2_author,sos-hotline,"Chris Mead, UK","كريس ميد، المملكة المتحدة"
sos.testimonial3_quote,sos-hotline,RME provides deep insights our ESP misses and helped us segment smarter.,توفر RME رؤى عميقة يفتقدها مزود الخدمة لدينا وساعدتنا في التقسيم بذكاء أكبر.
sos.testimonial3_author,sos-hotline,"Adeola Sole, UK","أديولا سول، المملكة المتحدة"
sos.topics_subhead,sos-hotline,"You do not need to be a client. You do not need to buy anything.","لا تحتاج لأن تكون عميلاً. لا تحتاج لشراء أي شيء."
sos.topics_footer,sos-hotline,...and anything else you are wondering about.,...وأي شيء آخر تتساءل عنه.
sos.topic_deliverability,sos-hotline,Deliverability,قابلية التسليم (Deliverability)
sos.topic_bounces,sos-hotline,Bounces,الارتدادات (Bounces)
sos.topic_blocklists,sos-hotline,Blocklists,القوائم المحظورة (Blocklists)
sos.topic_open_rates,sos-hotline,Open rates,معدلات الفتح
sos.topic_esp_migration,sos-hotline,ESP migration,الانتقال بين مزودي البريد (ESP)
sos.topic_warmup,sos-hotline,Warmup,تهيئة الإرسال (Warmup)
sos.topic_list_cleaning,sos-hotline,List cleaning,تنظيف القائمة
sos.topic_engagement,sos-hotline,Engagement,التفاعل
sos.topic_spam_complaints,sos-hotline,Spam complaints,شكاوى السبام
sos.topic_reputation,sos-hotline,Reputation,السمعة
sos.topic_ip_warming,sos-hotline,IP warming,تهيئة الآي بي (IP Warming)
sos.topic_segmentation,sos-hotline,Segmentation,التقسيم
sos.topic_inbox_placement,sos-hotline,Inbox placement,الوصول للبريد الوارد
sos.topic_sunsetting,sos-hotline,Sunsetting,إيقاف التعامل مع غير المتفاعلين (Sunsetting)
sos.topic_reengagement,sos-hotline,Re-engagement,إعادة التفاعل
sos.topic_career,sos-hotline,Career advice,نصائح مهنية
sos.step1,sos-hotline,You send an email to the SOS Hotline,ترسل بريداً إلكترونياً إلى SOS Hotline
sos.step2,sos-hotline,You receive an automatic reply confirming we got it,تتلقى رداً تلقائياً يؤكد استلامنا لرسالتك
sos.step3,sos-hotline,YT personally reads and responds within 48 hours,تقرأ يانا-توري الرسائل شخصياً وترد خلال 48 ساعة
sos.how_footer,sos-hotline,That is it. No booking system. Just reach out.,هذا كل شيء. لا نظام حجز. فقط تواصل معنا.
sos.how_send_message,sos-hotline,Send a message,أرسل رسالة
sos.final_cta_subtext,sos-hotline,"Email us. Within 48 hours. Often sooner.","راسلنا عبر البريد الإلكتروني. الرد خلال 48 ساعة. وغالباً قبل ذلك."
sos.final_cta_title,sos-hotline,Ready to Ask Your Question?,جاهز لطرح سؤالك؟
sos.final_cta,sos-hotline,Contact the SOS Hotline,اتصل بـ SOS Hotline
sos.modal_title,sos-hotline,SOS Hotline,خط الطوارئ SOS
sos.modal_message_label,sos-hotline,What's going on?,ماذا يحدث؟
sos.modal_placeholder,sos-hotline,What's your email question?,ما هو سؤالك البريدي؟
sos.modal_submit,sos-hotline,Send to SOS Hotline,أرسل إلى SOS Hotline
sos.modal_success,sos-hotline,Message Received,تم استلام الرسالة
sos.modal_success_text,sos-hotline,We'll get back to you within 24-48 hours.,سنعود إليك خلال 24-48 ساعة.
Key,Page,English,Indonesian
modal.contact_title,common,Get in Touch,Hubungi Kami
modal.contact_subtitle,common,Tell us what you're working on. We'll get back to you within one business day.,Ceritakan apa yang sedang Anda kerjakan. Kami akan menghubungi Anda kembali dalam satu hari kerja.
modal.form_name,common,Name,Nama
modal.form_email,common,Email,Email
modal.form_timezone,common,Timezone,Zona Waktu
modal.form_timezone_placeholder,common,Select your timezone (optional),Pilih zona waktu Anda (opsional)
modal.form_message,common,Message,Pesan
modal.form_message_placeholder,common,What can we help you with?,Apa yang bisa kami bantu?
modal.form_message_helper,common,Optional - but helps us prepare for the conversation.,Opsional - tetapi membantu kami bersiap untuk percakapan.
modal.form_submit,common,Send Message,Kirim Pesan
modal.success_title,common,Message Sent!,Pesan Terkirim!
modal.success_message,common,We'll get back to you within one business day.,Kami akan menghubungi Anda kembali dalam satu hari kerja.
dfy.consult_call_title,done-for-you,1:1 Call with YT,Panggilan 1:1 dengan YT
dfy.contact_first,done-for-you,Contact Us First,Hubungi Kami Dulu
dfy.how_read_title,done-for-you,How I Read Your List,Bagaimana Saya Membaca Daftar Anda
dfy.keep_desc,done-for-you,"No flags found. Domain checks out, validation passed, no risk signals. These are clear to send.","Tidak ada tanda peringatan. Domain valid, validasi lolos, tidak ada sinyal risiko. Ini aman untuk dikirim."
dfy.keep_title,done-for-you,Safe to Mail,Aman untuk Dikirim
dfy.modal_submit,done-for-you,Send Request,Kirim Permintaan
dfy.modal_subtitle,done-for-you,Tell us about your situation and we'll get back to you within 24 hours.,Ceritakan tentang situasi Anda dan kami akan menghubungi Anda kembali dalam 24 jam.
dfy.monitor_desc,done-for-you,Each address comes with specific labels explaining why it landed here. Context matters.,Setiap alamat dilengkapi dengan label khusus yang menjelaskan alasannya. Konteks itu penting.
dfy.monitor_title,done-for-you,Yellow Flags,Bendera Kuning
dfy.pricing_ask,done-for-you,Just ask,Tanya saja
dfy.pricing_questions,done-for-you,Questions first?,Ada pertanyaan dulu?
dfy.read1_desc,done-for-you,"Domain behavior, history, and patterns across your entire list. Context, not just existence.","Perilaku domain, riwayat, dan pola di seluruh daftar Anda. Konteks, bukan hanya keberadaan."
dfy.read1_title,done-for-you,I Look Beyond the Address,Saya Melihat Lebih Dari Sekadar Alamat
dfy.read2_desc,done-for-you,Traps, role accounts, toxic domains, disposable patterns. The things that don't bounce but still hurt you.,Jebakan, akun peran, domain beracun, pola sekali pakai. Hal-hal yang tidak bounce tetapi tetap merugikan Anda.
dfy.read2_title,done-for-you,I Check What Others Miss,Saya Memeriksa Apa yang Dilewatkan Orang Lain
dfy.read3_desc,done-for-you,Not just labels. You get the thinking behind each decision so you understand why.,Bukan hanya label. Anda mendapatkan pemikiran di balik setiap keputusan sehingga Anda mengerti alasannya.
dfy.read3_title,done-for-you,I Explain My Reasoning,Saya Menjelaskan Alasan Saya
dfy.sos_cta,done-for-you,Learn About SOS Hotline,Pelajari Tentang Hotline SOS
dfy.sos_desc,done-for-you,Have a question before committing? Use the SOS Hotline. It is free. No sales pitch.,Punya pertanyaan sebelum berkomitmen? Gunakan Hotline SOS. Gratis. Tidak ada promosi penjualan.
dfy.sos_title,done-for-you,Not Sure Yet?,Belum Yakin?
dfy.suppress_desc,done-for-you,"Each address comes with specific labels explaining why. Invalid, trap-likely, disposable, or other risk signals. Don't send here.","Setiap alamat dilengkapi label yang menjelaskan alasannya. Tidak valid, kemungkinan jebakan, sekali pakai, atau sinyal risiko lainnya. Jangan kirim ke sini."
dfy.suppress_title,done-for-you,Do Not Mail,Jangan Dikirim
dfy.who_for1,done-for-you,Running campaigns but seeing declining engagement,Menjalankan kampanye tetapi melihat penurunan keterlibatan
dfy.who_for2,done-for-you,"Worried about bounces, complaints, or blocklists",Khawatir tentang bounce, keluhan, atau daftar blokir
dfy.who_for3,done-for-you,Inheriting a list you did not build,Mewarisi daftar yang tidak Anda buat sendiri
dfy.who_for4,done-for-you,"Under pressure to ""just send"" but sensing risk","Di bawah tekanan untuk ""kirim saja"" tetapi merasakan risiko"
dfy.who_for5,done-for-you,Trying to explain deliverability risks internally,Mencoba menjelaskan risiko deliverability secara internal
dfy.who_for_title,done-for-you,This Is For You If,Ini Untuk Anda Jika
dfy.who_not1,done-for-you,You want someone to write or send campaigns for you,Anda ingin seseorang menulis atau mengirim kampanye untuk Anda
dfy.who_not2,done-for-you,You need ESP migration or setup help,Anda butuh bantuan migrasi atau pengaturan ESP
dfy.who_not3,done-for-you,You want ongoing managed services,Anda ingin layanan terkelola yang berkelanjutan
dfy.who_not4,done-for-you,You need content or design work,Anda butuh pekerjaan konten atau desain
dfy.who_not_title,done-for-you,Not For You If,Bukan Untuk Anda Jika
dfy.who_partner_cta,done-for-you,Connect With a Partner,Terhubung Dengan Mitra
dfy.who_title,done-for-you,Who This Is For,Untuk Siapa Ini
home.manifesto,homepage,"You've probably run your list through a tool before. It said 95% valid. You sent anyway. Bounces happened. That's the gap between validation and understanding.","Anda mungkin pernah menjalankan daftar Anda melalui alat sebelumnya. Dikatakan 95% valid. Anda tetap mengirim. Bounce terjadi. Itulah kesenjangan antara validasi dan pemahaman."
home.quiz_cta_btn,homepage,Take the 2-Minute Risk Check,Ikuti Pemeriksaan Risiko 2 Menit
home.quiz_cta_desc,homepage,"Take a 2-minute self-assessment. Four questions about how you built your list, and we'll tell you what risk level you're probably at.","Lakukan penilaian mandiri 2 menit. Empat pertanyaan tentang bagaimana Anda membangun daftar Anda, dan kami akan memberi tahu tingkat risiko Anda."
pricing.calc_heading,pricing,Calculate Your Price,Hitung Harga Anda
pricing.calc_intro,pricing,Simple. More volume, lower rate.,Sederhana. Lebih banyak volume, tarif lebih rendah.
pricing.calc_subtitle,pricing,Pay only for what you need. Credits never expire.,Bayar hanya untuk apa yang Anda butuhkan. Kredit tidak pernah kadaluarsa.
pricing.calc_title,pricing,Pricing Calculator,Kalkulator Harga
pricing.compare_subtitle,pricing,The difference between checking and interpreting.,Perbedaan antara memeriksa dan menafsirkan.
pricing.compare_them1,pricing,Validators check if an inbox exists.,Validator memeriksa apakah kotak masuk ada.
pricing.compare_them2,pricing,Validators give you a status.,Validator memberi Anda status.
pricing.compare_them3,pricing,Validators flag what bounces.,Validator menandai apa yang bounce.
pricing.compare_them4,pricing,Validators process volume.,Validator memproses volume.
pricing.compare_them5,pricing,Validators leave you guessing.,Validator membiarkan Anda menebak-nebak.
pricing.compare_title,pricing,What You Are Actually Paying For,Apa yang Sebenarnya Anda Bayar
pricing.compare_us1,pricing,We assess whether sending there is safe.,Kami menilai apakah pengiriman ke sana aman.
pricing.compare_us2,pricing,We give you the reasoning behind a decision.,Kami memberi Anda alasan di balik keputusan.
pricing.compare_us3,pricing,We flag what damages your reputation without bouncing.,Kami menandai apa yang merusak reputasi Anda tanpa bounce.
pricing.compare_us4,pricing,We interpret patterns across your entire list.,Kami menafsirkan pola di seluruh daftar Anda.
pricing.compare_us5,pricing,We tell you what to do and why.,Kami memberi tahu Anda apa yang harus dilakukan dan mengapa.
pricing.cta_clean_desc,pricing,Done-for-you service. Send your list, get results.,Layanan lengkap. Kirim daftar Anda, dapatkan hasil.
pricing.cta_clean_title,pricing,Get My List Cleaned,Bersihkan Daftar Saya
pricing.cta_help_desc,pricing,Email our SOS hotline with your questions.,Kirim email ke hotline SOS kami dengan pertanyaan Anda.
pricing.cta_help_title,pricing,Get Free Help,Dapatkan Bantuan Gratis
pricing.cta_waitlist_title,pricing,Join the Waitlist,Gabung Daftar Tunggu
pricing.for_custom,pricing,for custom pricing.,untuk harga khusus.
pricing.free_help_desc,pricing,"Ask any email question. Get a real answer from a real expert. No sales pitch, no strings attached.","Ajukan pertanyaan email apa pun. Dapatkan jawaban nyata dari ahli nyata. Tidak ada promosi penjualan, tidak ada ikatan."
pricing.free_help_title,pricing,Free Email Help,Bantuan Email Gratis
pricing.get_started_btn,pricing,Get Started,Mulai Sekarang
pricing.hero_headline1,pricing,Beyond Validation.,Di Luar Validasi.
pricing.hero_headline2,pricing,We Tell You What Your List Means.,Kami Memberitahu Anda Arti Daftar Anda.
pricing.hero_subhead,pricing,"Not just pass/fail. Every address comes with reasoning so you know what to keep, what to monitor, and what to suppress.","Bukan hanya lulus/gagal. Setiap alamat disertai alasan sehingga Anda tahu apa yang harus disimpan, dipantau, dan ditahan."
pricing.join,pricing,Join,Gabung
pricing.keep_desc,pricing,No risk patterns surfaced during review. Domain behavior and historical signals support continued sending.,Tidak ada pola risiko yang muncul selama peninjauan. Perilaku domain dan sinyal historis mendukung pengiriman lanjutan.
pricing.keep_title,pricing,Cleared After Full Review,Disetujui Setelah Tinjauan Penuh
pricing.learn_more_sos,pricing,Learn More About SOS Hotline,Pelajari Lebih Lanjut Tentang Hotline SOS
pricing.monitor_desc,pricing,These require judgment. We surface historical patterns and relationship context.,Ini membutuhkan penilaian. Kami memunculkan pola historis dan konteks hubungan.
pricing.monitor_title,pricing,Patterns Worth Watching,Pola yang Layak Dipantau
pricing.need_more,pricing,Need more than 1 million?,Butuh lebih dari 1 juta?
pricing.newsletter_opt,pricing,"Monthly deliverability insights (no spam, just signal)","Wawasan deliverability bulanan (tidak ada spam, hanya sinyal)"
pricing.option_automation,pricing,Automation,Otomatisasi
pricing.option_execution,pricing,Execution,Eksekusi
pricing.option_guidance,pricing,Guidance,Panduan
pricing.questions_title,pricing,Questions?,Pertanyaan?
pricing.suppress_desc,pricing,"Clear risk signals: known problem domains, disposable patterns, historical trap indicators.",Sinyal risiko yang jelas: domain bermasalah yang diketahui, pola sekali pakai, indikator jebakan historis.
pricing.suppress_title,pricing,"Clear Risk, Clear Reasoning","Risiko Jelas, Alasan Jelas"
pricing.waitlist_success_short,pricing,You're on the list!,Anda sudah masuk daftar!
pricing.what_you_get_subtitle,pricing,A cleaned list with clear recommendations.,Daftar yang bersih dengan rekomendasi yang jelas.
pricing.what_you_get_title,pricing,What You Get,Apa yang Anda Dapatkan
pricing.who_item1,pricing,Running campaigns but seeing declining engagement,Menjalankan kampanye tetapi melihat penurunan keterlibatan
pricing.who_item2,pricing,"Worried about bounces, complaints, or blocklists",Khawatir tentang bounce, keluhan, atau daftar blokir
pricing.who_item3,pricing,Inheriting a list you did not build,Mewarisi daftar yang tidak Anda buat sendiri
pricing.who_item4,pricing,"Under pressure to ""just send"" but sensing risk","Di bawah tekanan untuk ""kirim saja"" tetapi merasakan risiko"
pricing.who_item5,pricing,Trying to explain deliverability to a boss who does not get it,Mencoba menjelaskan deliverability kepada bos yang tidak mengerti
pricing.who_note,pricing,"If you care about long-term reputation, not just short-term volume, this is for you.","Jika Anda peduli dengan reputasi jangka panjang, bukan hanya volume jangka pendek, ini untuk Anda."
pricing.who_subtitle,pricing,Marketers who already send email and want to protect their sender reputation.,Pemasar yang sudah mengirim email dan ingin melindungi reputasi pengirim mereka.
pricing.who_title,pricing,Who This Is For,Untuk Siapa Ini
quiz.bonus_credits,quiz,1,500 credits when we launch,1.500 kredit saat kami meluncurkan
quiz.cta_get_diagnosis,quiz,Get the diagnosis,Dapatkan diagnosisnya
quiz.cta_safety_check,quiz,Get a safety check,Dapatkan pemeriksaan keamanan
quiz.get_list_cleaned,quiz,Get My List Cleaned →,Bersihkan Daftar Saya →
quiz.loading_analyzing,quiz,Analyzing your responses...,Menganalisis tanggapan Anda...
quiz.loading_comparing,quiz,Comparing against common patterns,Membandingkan dengan pola umum
quiz.loading_checking,quiz,Checking risk indicators...,Memeriksa indikator risiko...
quiz.loading_matching,quiz,Matching against known patterns,Mencocokkan dengan pola yang diketahui
quiz.loading_preparing,quiz,Preparing your diagnosis...,Menyiapkan diagnosis Anda...
quiz.newsletter_opt,quiz,"Monthly deliverability insights (no spam, just signal)","Wawasan deliverability bulanan (tidak ada spam, hanya sinyal)"
quiz.notify_launch,quiz,Notify me when self-serve launches,Beri tahu saya saat layanan mandiri diluncurkan
quiz.pattern_line,quiz,This is one of the most common patterns I see.,Ini adalah salah satu pola paling umum yang saya lihat.
quiz.q1_text,quiz,How did the majority of these emails get on your list?,Bagaimana mayoritas email ini masuk ke daftar Anda?
quiz.q2_text,quiz,Is your sending domain authenticated with DMARC?,Apakah domain pengiriman Anda diautentikasi dengan DMARC?
quiz.q3_text,quiz,Have you run this list through a validation tool?,Apakah Anda sudah menjalankan daftar ini melalui alat validasi?
quiz.q4_text,quiz,What brought you here today?,Apa yang membawa Anda ke sini hari ini?
quiz.ready_to_go,quiz,Ready to go?,Siap untuk mulai?
quiz.request_contact,quiz,Have someone reach out to discuss my situation (no sales pitch),Minta seseorang menghubungi untuk mendiskusikan situasi saya (tidak ada promosi penjualan)
quiz.res_catchall_headline,quiz,Those ""Unknown"" addresses are not unknown to me.,Alamat ""Unknown"" itu tidak asing bagi saya.
quiz.res_catchall_reality,quiz,"A large percentage of business domains are catch-all. Validation marks them ""Unknown"" because it cannot verify.",Persentase besar domain bisnis adalah catch-all. Validasi menandai mereka ""Unknown"" karena tidak dapat memverifikasi.
quiz.res_catchall_subhead,quiz,Catch-all domains accept everything. Validation tools cannot tell you which addresses are real. I can.,Domain catch-all menerima segalanya. Alat validasi tidak bisa memberi tahu Anda alamat mana yang asli. Saya bisa.
quiz.res_crisis_headline,quiz,You need triage, not just cleaning.,Anda butuh triase, bukan hanya pembersihan.
quiz.res_crisis_reality,quiz,You need a remediation strategy, not just a clean list. I help identify the root cause.,Anda butuh strategi perbaikan, bukan hanya daftar bersih. Saya membantu mengidentifikasi akar penyebab.
quiz.res_crisis_subhead,quiz,An ESP warning is the final straw. Your reputation is already damaged.,Peringatan ESP adalah puncak masalah. Reputasi Anda sudah rusak.
quiz.res_decay_headline,quiz,Your list is slowly suffocating your delivery.,Daftar Anda perlahan mencekik pengiriman Anda.
quiz.res_decay_reality,quiz,This is the hardest problem to diagnose because there is no event.,Ini masalah tersulit untuk didiagnosis karena tidak ada kejadian.
quiz.res_decay_subhead,quiz,No bounce spike. No warning. Just a quiet decline as dead weight accumulates.,Tidak ada lonjakan bounce. Tidak ada peringatan. Hanya penurunan diam-diam saat beban mati menumpuk.
quiz.res_infra_headline,quiz,Your infrastructure may be the problem.,Infrastruktur Anda mungkin masalahnya.
quiz.res_infra_reality,quiz,Domain authentication tells inbox providers you are who you say you are.,Autentikasi domain memberi tahu penyedia inbox bahwa Anda adalah siapa yang Anda katakan.
quiz.res_infra_subhead,quiz,Without proper DMARC authentication, even a clean list can land in spam.,Tanpa autentikasi DMARC yang tepat, daftar yang bersih pun bisa masuk spam.
quiz.res_noconsent_headline,quiz,We can absolutely help clean your list.,Kami benar-benar dapat membantu membersihkan daftar Anda.
quiz.res_noconsent_reality,quiz,"We catch invalid addresses, spam traps, role accounts, and high-risk patterns that other validators miss.",Kami menangkap alamat tidak valid, jebakan spam, akun peran, dan pola berisiko tinggi yang dilewatkan validator lain.
quiz.res_noconsent_subhead,quiz,Lists without explicit consent carry more risk—but that doesn't mean you can't send safely.,Daftar tanpa persetujuan eksplisit membawa risiko lebih besar—tetapi bukan berarti Anda tidak bisa mengirim dengan aman.
quiz.res_preventive_headline,quiz,You are in a good spot. Let's keep it that way.,Anda berada di posisi yang baik. Mari kita pertahankan.
quiz.res_preventive_reality,quiz,You are doing the right things. A safety check ensures you do not accidentally hit a trap.,Anda melakukan hal yang benar. Pemeriksaan keamanan memastikan Anda tidak secara tidak sengaja menabrak jebakan.
quiz.res_preventive_subhead,quiz,Healthy lists still decay by about 22% every year.,Daftar yang sehat masih membusuk sekitar 22% setiap tahun.
quiz.res_toolfail_headline,quiz,Your validation tool missed something.,Alat validasi Anda melewatkan sesuatu.
quiz.res_toolfail_reality,quiz,Automated tools cannot see behavioral history. They check code, not context.,Alat otomatis tidak bisa melihat riwayat perilaku. Mereka memeriksa kode, bukan konteks.
quiz.res_toolfail_subhead,quiz,You paid for syntax checking. You were punished for reputation.,Anda membayar untuk pemeriksaan sintaksis. Anda dihukum karena reputasi.
quiz.save_diagnosis,quiz,Save your diagnosis,Simpan diagnosis Anda
quiz.send_results,quiz,Send My Results,Kirim Hasil Saya
quiz.skip,quiz,Skip,Lewati
quiz.step_1_of_4,quiz,Question 1 of 4,Pertanyaan 1 dari 4
quiz.what_this_means,quiz,What this means,Apa artinya ini
quiz.what_well_do,quiz,What we'll do,Apa yang akan kami lakukan
sos.bridge_dfy_cta,sos-hotline,See What You Get,Lihat Apa yang Anda Dapatkan
sos.bridge_dfy_desc,sos-hotline,"Send us your list. We review every address and return it labeled: Keep, Monitor, or Suppress.","Kirimkan daftar Anda kepada kami. Kami meninjau setiap alamat dan mengembalikannya dengan label: Simpan, Pantau, atau Tahan."
sos.bridge_dfy_title,sos-hotline,Done-For-You Review,Tinjauan Layanan Lengkap (Done-For-You)
sos.bridge_expert_cta,sos-hotline,See the Process,Lihat Prosesnya
sos.bridge_expert_desc,sos-hotline,Every list review includes a walkthrough of your results. We explain what we found.,Setiap tinjauan daftar mencakup penjelasan hasil Anda. Kami menjelaskan apa yang kami temukan.
sos.bridge_expert_title,sos-hotline,Expert Interpretation,Interpretasi Ahli
sos.bridge_intro,sos-hotline,"SOS gives you guidance. If you need someone to actually touch your data, we offer:",SOS memberi Anda panduan. Jika Anda membutuhkan seseorang untuk benar-benar menyentuh data Anda, kami menawarkan:
sos.bridge_title,sos-hotline,Need More Than Advice?,Butuh Lebih Dari Sekadar Saran?
sos.final_cta_subtext,sos-hotline,"Email us. Within 48 hours. Often sooner.","Email kami. Dalam 48 jam. Seringkali lebih cepat."
sos.final_cta_title,sos-hotline,Ready to Ask Your Question?,Siap Mengajukan Pertanyaan?
sos.how_step1,sos-hotline,You send an email to the SOS Hotline,Anda mengirim email ke Hotline SOS
sos.how_step2,sos-hotline,You receive an automatic reply confirming we got it,Anda menerima balasan otomatis yang mengonfirmasi bahwa kami menerimanya
sos.how_step3,sos-hotline,YT personally reads and responds within 48 hours,Yanna-Torry membacanya secara pribadi dan merespons dalam 48 jam
sos.topic_career_advice,sos-hotline,Career advice,Saran karir
sos.why_free_p1,sos-hotline,We offer real help without charging because it is the right thing to do.,"Kami menawarkan bantuan nyata tanpa biaya karena itu adalah hal yang benar untuk dilakukan."
sos.why_free_p2,sos-hotline,If you need more than guidance, we offer done-for-you list reviews with expert interpretation included.,Jika Anda membutuhkan lebih dari sekadar panduan, kami menawarkan tinjauan daftar layanan lengkap dengan interpretasi ahli.
sos.why_free_tagline,sos-hotline,Trust beats tactics.,Kepercayaan mengalahkan taktik.
sos.why_free_title,sos-hotline,Why Is This Free?,Mengapa Ini Gratis?
audit.badge,audit,Free Self-Assessment,Penilaian Mandiri Gratis
audit.title,audit,Inbox Placement Self-Audit,Audit Mandiri Penempatan Inbox
audit.subtitle,audit,What most senders never check. Use this monthly. Be honest. This is how problems get caught before revenue drops.,Apa yang kebanyakan pengirim tidak pernah periksa. Gunakan ini setiap bulan. Jujurlah. Inilah cara masalah ditangkap sebelum pendapatan turun.
audit.disclaimer,audit,Important: This audit covers general best practices. Every business is different. A monthly newsletter has different needs than a daily SaaS notification. Some items here may not apply to you at all. The goal is awareness, not a perfect score.,Penting: Audit ini mencakup praktik terbaik umum. Setiap bisnis berbeda. Buletin bulanan memiliki kebutuhan yang berbeda dari notifikasi SaaS harian. Beberapa item di sini mungkin tidak berlaku untuk Anda sama sekali. Tujuannya adalah kesadaran, bukan skor sempurna.
audit.meta_time,audit,5-7 minutes,5-7 menit
audit.meta_sections,audit,10 sections,10 bagian
audit.meta_tips,audit,Personalized tips,Tip yang dipersonalisasi
audit.start_button,audit,Start Audit,Mulai Audit
audit.section_automation,audit,Automation Timing,Waktu Otomatisasi
audit.section_header,audit,Header & Footer Hygiene,Kebersihan Header & Footer
audit.section_tracking,audit,Tracking Domain Risk,Risiko Domain Pelacakan
audit.section_engagement,audit,Engagement Logic,Logika Keterlibatan
audit.section_layout,audit,Layout Pattern Risk,Risiko Pola Tata Letak
audit.section_sendtime,audit,Send Time Logic,Logika Waktu Pengiriman
audit.section_migration,audit,ESP Migration Risk,Risiko Migrasi ESP
audit.section_subject,audit,Subject vs Preview Trust,Kepercayaan Subjek vs Pratinjau
audit.section_spam,audit,Spam Folder Rendering,Rendering Folder Spam
audit.section_validation,audit,Validation Frequency,Frekuensi Validasi
audit.grade_strong,audit,Strong Foundation,Fondasi Kuat
audit.grade_attention,audit,Needs Attention,Perlu Perhatian
audit.grade_risk,audit,High Risk,Risiko Tinggi
audit.out_of_100,audit,out of 100,dari 100
audit.score_by_section,audit,Score by Section,Skor per Bagian
audit.next_section,audit,Next Section,Bagian Selanjutnya
audit.see_results,audit,See Results,Lihat Hasil
audit.retake,audit,Retake Audit,Ulangi Audit
audit.save_title,audit,Save Your Results,Simpan Hasil Anda
audit.send_report,audit,Send My Report,Kirim Laporan Saya
audit.report_sent,audit,Report Sent!,Laporan Terkirim!
audit.save_subtitle,audit,Get a detailed report emailed and optionally join our waitlist.,Dapatkan laporan rinci melalui email dan opsional bergabung dengan daftar tunggu kami.
audit.capture_newsletter,audit,"Monthly deliverability insights (no spam, just signal)","Wawasan deliverability bulanan (tidak ada spam, hanya sinyal)"
audit.capture_bonus,audit,1,500 credits when we launch,1.500 kredit saat kami meluncurkan
audit.capture_waitlist,audit,Notify me when self-serve launches,Beri tahu saya saat layanan mandiri diluncurkan
audit.capture_contact,audit,Have someone reach out to discuss my audit results (no sales pitch),Minta seseorang menghubungi untuk mendiskusikan hasil audit saya (tidak ada promosi penjualan)
audit.capture_skip,audit,"Skip, I'll just review on screen","Lewati, saya hanya akan meninjau di layar"
audit.recommendations_title,audit,Action Items by Section,Item Tindakan per Bagian
audit.recommendations_subtitle,audit,Everything flagged based on your answers. Review what applies to you:,Semua yang ditandai berdasarkan jawaban Anda. Tinjau apa yang berlaku untuk Anda:
audit.sos_title,audit,Not Sure What Applies to You?,Tidak Yakin Apa yang Berlaku untuk Anda?
audit.sos_desc,audit,Every business is different. What's critical for a daily sender might be irrelevant for a monthly newsletter. If you're unsure which items actually matter for your situation, talk to someone who's seen it all.,Setiap bisnis berbeda. Apa yang kritis bagi pengirim harian mungkin tidak relevan untuk buletin bulanan. Jika Anda tidak yakin item mana yang benar-benar penting untuk situasi Anda, bicaralah dengan seseorang yang sudah melihat semuanya.
audit.sos_badge,audit,Free. No pitch. Just answers.,Gratis. Tidak ada promosi. Hanya jawaban.
audit.sos_card_desc,audit,"The SOS Hotline connects you with YT, a deliverability specialist who's cleaned thousands of lists and diagnosed hundreds of sending problems. Ask anything.","Hotline SOS menghubungkan Anda dengan YT, spesialis deliverability yang telah membersihkan ribuan daftar dan mendiagnosis ratusan masalah pengiriman. Tanyakan apa saja."
audit.sos_cta,audit,Talk to a Specialist,Bicara dengan Spesialis
audit.sos_learn_more,audit,Learn About SOS Hotline,Pelajari Lebih Lanjut Tentang Hotline SOS
audit.testimonial_quote,audit,Review My Emails goes beyond standard tools by identifying risky patterns others miss.,Review My Emails melampaui alat standar dengan mengidentifikasi pola berisiko yang dilewatkan orang lain.
audit.testimonial_author,audit,"Julia S., Italy","Julia S., Italia"
audit.get_cleaning,audit,Get Expert List Cleaning,Dapatkan Pembersihan Daftar Ahli
about.email_link,about,Email,Email
about.founder_title,about,"Founder, Review My Emails","Pendiri, Review My Emails"
audit.back,audit,Back,Kembali
audit.built_by,audit,Built by,Dibangun oleh
audit.get_cleaned,audit,Get Your List Cleaned,Bersihkan Daftar Anda
audit.important,audit,Important:,Penting:
audit.what_cover,audit,What we'll cover,Apa yang akan kami bahas
contact.modal_subtitle,common,Tell us what you're working on. We'll get back to you within one business day.,Ceritakan apa yang sedang Anda kerjakan. Kami akan menghubungi Anda kembali dalam satu hari kerja.
contact.modal_title,common,Get in Touch,Hubungi Kami
contact.submit,common,Send Message,Kirim Pesan
footer.legal,common,Privacy Policy · Terms,Kebijakan Privasi · Ketentuan
form.email_label,common,Email \*,Email \*
form.message_hint,common,Optional - but helps us prepare for the conversation.,Opsional - tetapi membantu kami bersiap untuk percakapan.
form.message_label,common,Message,Pesan
form.message_optional_label,common,Message (optional),Pesan (opsional)
form.name_label,common,Name \*,Nama \*
form.timezone_label,common,Timezone (optional),Zona Waktu (opsional)
form.timezone_select,common,Select your timezone,Pilih zona waktu Anda
form.timezone_select_optional,common,Select your timezone (optional),Pilih zona waktu Anda (opsional)
form.tz_alaska,common,Alaska Time,Waktu Alaska
form.tz_central,common,Central Time (CT),Waktu Tengah (CT)
form.tz_cet,common,Central European Time (CET),Waktu Eropa Tengah (CET)
form.tz_eastern,common,Eastern Time (ET),Waktu Timur (ET)
form.tz_eet,common,Eastern European Time,Waktu Eropa Timur
form.tz_gmt,common,GMT / UTC,GMT / UTC
form.tz_gulf,common,Gulf Standard Time,Waktu Standar Teluk
form.tz_hawaii,common,Hawaii Time,Waktu Hawaii
form.tz_india,common,India Standard Time,Waktu Standar India
form.tz_japan,common,Japan Standard Time,Waktu Standar Jepang
form.tz_london,common,London (GMT/BST),London (GMT/BST)
form.tz_mountain,common,Mountain Time (MT),Waktu Pegunungan (MT)
form.tz_nz,common,New Zealand Time,Waktu Selandia Baru
form.tz_other,common,Other,Lainnya
form.tz_pacific,common,Pacific Time (PT),Waktu Pasifik (PT)
form.tz_singapore,common,Singapore Time,Waktu Singapura
form.tz_sydney,common,Australian Eastern Time,Waktu Australia Timur
modal.subtitle,common,Tell us about your situation and we'll get back to you within 24 hours.,Ceritakan tentang situasi Anda dan kami akan menghubungi Anda kembali dalam 24 jam.
ui.message_received,common,Message Received,Pesan Diterima
ui.message_sent,common,Message Sent!,Pesan Terkirim!
ui.request_received,common,Request Received,Permintaan Diterima
ui.response_time,common,We'll get back to you within 24-48 hours.,Kami akan menghubungi Anda kembali dalam 24-48 jam.
ui.response_time_business,common,We'll get back to you within one business day.,Kami akan menghubungi Anda kembali dalam satu hari kerja.
Key,Page,English,Khmer
quiz.save_subtitle,quiz,Get a detailed report emailed and optionally join our waitlist.,ទទួលបានរបាយការណ៍លម្អិតតាមអ៊ីមែល និងចូលរួមក្នុងបញ្ជីរង់ចាំរបស់យើង (ជាជម្រើស)។
about.modal_close,about,Close,បិទ
Key,Page,English,Thai
home.step1_title,homepage,Send us your list,ส่งรายชื่อของคุณมาให้เรา
home.step1_desc,homepage,"CSV, Excel, whatever you have. We've seen it all. No judgment, no questions.","CSV, Excel, อะไรก็ได้ที่คุณมี เราเห็นมาหมดแล้ว ไม่มีการตัดสิน ไม่มีคำถาม"
home.step2_title,homepage,We review every address,เราตรวจสอบทุกที่อยู่
home.step2_desc,homepage,"One by one. Looking for bounces, spam traps, disposables, and reputation killers.","ทีละรายการ เพื่อหาการตีกลับ (Bounces), กับดักสแปม (Spam Traps), อีเมลใช้แล้วทิ้ง, และตัวทำลายชื่อเสียง"
home.step3_title,homepage,Get your clean list back,รับรายชื่อที่สะอาดกลับไป
home.step3_desc,homepage,With clear labels and a report. You'll know exactly what to do with each address.,พร้อมป้ายกำกับที่ชัดเจนและรายงาน คุณจะรู้แน่ชัดว่าต้องทำอย่างไรกับแต่ละที่อยู่
home.crisis_title,homepage,Crisis Mode?,อยู่ในภาวะวิกฤต?
home.crisis_cta,homepage,Email the SOS Hotline,ส่งอีเมลไปที่สายด่วน SOS
home.final_title,homepage,Ready to know what's in your list?,พร้อมที่จะรู้ว่ามีอะไรอยู่ในรายชื่อของคุณหรือยัง?
home.final_cta,homepage,Get My List Cleaned,ล้างรายชื่อของฉัน
home.symptoms_title,homepage,Sound familiar?,คุ้นๆ ไหม?
home.symptoms_subtitle,homepage,You're not alone. These are the patterns we see every day.,คุณไม่ได้อยู่คนเดียว นี่คือรูปแบบที่เราเห็นทุกวัน
home.symptom_1,homepage,<strong>No idea</strong> where half this list came from.,<strong>ไม่รู้เลย</strong> ว่าครึ่งหนึ่งของรายชื่อนี้มาจากไหน
home.symptom_2,homepage,One tool says <strong>clean</strong>. Another says <strong>risky</strong>.,เครื่องมือหนึ่งบอกว่า <strong>สะอาด</strong> อีกอันบอกว่า <strong>เสี่ยง</strong>
home.symptom_3,homepage,"<strong>Scared to remove</strong> subscribers, even the ones who never open.","<strong>กลัวที่จะลบ</strong> ผู้ติดตาม แม้แต่คนที่ไม่เคยเปิดอ่านเลย"
home.symptom_4,homepage,Haven't emailed this list in <strong>months</strong>. Afraid to restart.,ไม่ได้ส่งอีเมลหาคนกลุ่มนี้มา <strong>หลายเดือน</strong> กลัวที่จะเริ่มใหม่
home.symptom_5,homepage,Paid for list cleaning <strong>yesterday</strong>. Bounces <strong>today</strong>.,เพิ่งจ่ายเงินล้างรายชื่อไป <strong>เมื่อวาน</strong> วันนี้ก็ยังมี <strong>Bounce</strong>
home.symptom_6,homepage,Open rates <strong>dropped</strong> and nobody can explain why.,อัตราการเปิด <strong>ลดลง</strong> และไม่มีใครอธิบายได้ว่าทำไม
home.symptom_7,homepage,List keeps <strong>growing</strong>. Revenue <strong>doesn't</strong>.,รายชื่อ <strong>โตขึ้น</strong> เรื่อยๆ แต่รายได้ <strong>ไม่เพิ่ม</strong>
home.symptom_8,homepage,"Emails <strong>not inboxing</strong> anymore, going to spam or nowhere at all.","อีเมล <strong>ไม่เข้า Inbox</strong> อีกต่อไป ลง Spam หรือหายไปเลย"
home.crisis_subtitle,homepage,"If any of these are true, start here.","ถ้าข้อใดข้อหนึ่งเป็นจริง เริ่มต้นที่นี่"
home.crisis_item_1,homepage,ESP sent a compliance warning or paused your sending.,ESP ส่งคำเตือนเรื่องการปฏิบัติตามกฎ หรือระงับการส่งของคุณ
home.crisis_item_2,homepage,"Blocklisted, or you think you might be.","ติด Blacklist หรือคุณคิดว่าอาจจะติดแล้ว"
home.crisis_item_3,homepage,Last send spiked bounces. Now everyone's afraid to send again.,การส่งครั้งล่าสุดมี Bounce พุ่งสูง ตอนนี้ทุกคนกลัวที่จะส่งอีกครั้ง
home.steps_title,homepage,How we actually work,เราทำงานอย่างไร
home.steps_subtitle,homepage,Simple process. Expert execution. Real results.,ขั้นตอนง่ายๆ ดำเนินการโดยผู้เชี่ยวชาญ ผลลัพธ์จริง
home.step1_number,homepage,Step 01,ขั้นตอนที่ 01
home.step2_number,homepage,Step 02,ขั้นตอนที่ 02
home.step3_number,homepage,Step 03,ขั้นตอนที่ 03
home.steps_whisper,homepage,No outsourcing. No AI guesswork. Just experienced eyes on every list.,ไม่จ้างคนนอก ไม่ใช้ AI เดาสุ่ม มีเพียงสายตาที่มีประสบการณ์ดูทุกรายชื่อ
home.pullquote_text,homepage,"""She cleaned and organized our database with incredible efficiency and set us up for long-term success.""","""เธอทำความสะอาดและจัดระเบียบฐานข้อมูลของเราได้อย่างมีประสิทธิภาพเหลือเชื่อ และวางรากฐานให้เราประสบความสำเร็จในระยะยาว"""
home.pullquote_author,homepage,"Sam Cande, UK","Sam Cande, สหราชอาณาจักร"
home.manifesto_text,homepage,You've probably run your list through a tool before. It said 95% valid. You sent anyway. Bounces happened. That's the gap between validation and understanding.,คุณอาจเคยใช้เครื่องมือตรวจสอบรายชื่อมาก่อน มันบอกว่า 95% ใช้ได้ คุณก็ส่งไป แล้วก็เกิด Bounce นั่นคือช่องว่างระหว่างการตรวจสอบ (Validation) กับความเข้าใจ
home.features_title,homepage,What you actually get,สิ่งที่คุณจะได้รับจริงๆ
home.feature1_title,homepage,Clear action labels,ป้ายกำกับที่ชัดเจน
home.feature1_desc,homepage,"Every email marked Keep, Monitor, or Suppress. No ambiguity, no guessing what to do next.","ทุกอีเมลจะถูกระบุว่า เก็บ, เฝ้าระวัง, หรือ ระงับ ไม่มีความคลุมเครือ ไม่ต้องเดาว่าจะทำอะไรต่อ"
home.feature2_title,homepage,Detailed reasoning,เหตุผลโดยละเอียด
home.feature2_desc,homepage,"Not just 'risky', we tell you why. Spam trap patterns, domain issues, behavioral signals.","ไม่ใช่แค่บอกว่า 'เสี่ยง' แต่เราบอกเหตุผล ทั้งรูปแบบ Spam Trap, ปัญหาโดเมน, สัญญาณพฤติกรรม"
home.feature3_title,homepage,Expert interpretation included,รวมการตีความโดยผู้เชี่ยวชาญ
home.feature3_desc,homepage,"Not just data, context. Every list review includes a walkthrough of your results. I explain what I found, what it means, and exactly what to do next.","ไม่ใช่แค่ข้อมูล แต่คือบริบท ทุกการตรวจสอบรายชื่อรวมถึงการอธิบายผลลัพธ์ ฉันจะอธิบายสิ่งที่เจอ ความหมาย และสิ่งที่ต้องทำต่อไป"
home.quiz_cta_title,homepage,Not sure if your list needs this?,ไม่แน่ใจว่ารายชื่อของคุณต้องการสิ่งนี้หรือไม่?
home.quiz_cta_subtext,homepage,"Take a 2-minute self-assessment. Four questions about how you built your list, and we'll tell you what risk level you're probably at.","ทำแบบประเมินตนเอง 2 นาที 4 คำถามเกี่ยวกับวิธีที่คุณสร้างรายชื่อ แล้วเราจะบอกระดับความเสี่ยงที่คุณน่าจะเจอ"
home.quiz_cta_button,homepage,Take the 2-Minute Risk Check,ทำแบบตรวจสอบความเสี่ยง 2 นาที
home.testimonials_title,homepage,People who trusted us,คนที่ไว้ใจเรา
home.testimonials_subtitle,homepage,Real feedback from real senders.,เสียงตอบรับจริงจากผู้ส่งจริง
home.testimonial1_name,homepage,Megan S.,Megan S.
home.testimonial1_role,homepage,UK,สหราชอาณาจักร
home.testimonial1_quote,homepage,"""The SOS Hotline gave me extremely helpful guidance. Yanna-Torry cleaned our list and supported us beyond the call.""","""สายด่วน SOS ให้คำแนะนำที่เป็นประโยชน์มาก Yanna-Torry ล้างรายชื่อของเราและสนับสนุนเราเกินกว่าแค่การคุยกัน"""
home.testimonial2_name,homepage,Chris Mead,Chris Mead
home.testimonial2_role,homepage,UK,สหราชอาณาจักร
home.testimonial2_quote,homepage,"""Real human expertise. Tailor-made solutions. Not an AI tool.""","""ความเชี่ยวชาญจากคนจริงๆ โซลูชันที่ออกแบบมาเฉพาะ ไม่ใช่เครื่องมือ AI"""
home.testimonial3_name,homepage,Adeola Sole,Adeola Sole
home.testimonial3_role,homepage,UK,สหราชอาณาจักร
home.testimonial3_quote,homepage,"""RME provides deep insights our ESP misses and helped us segment smarter.""","""RME ให้ข้อมูลเชิงลึกที่ ESP ของเรามองข้าม และช่วยให้เราแบ่งกลุ่มได้ฉลาดขึ้น"""
home.final_subtext,homepage,"Send us your list. We'll tell you exactly what's safe to send, what needs watching, and what will hurt you.","ส่งรายชื่อมาให้เรา เราจะบอกคุณอย่างชัดเจนว่าอะไรปลอดภัยที่จะส่ง อะไรต้องเฝ้าระวัง และอะไรจะทำร้ายคุณ"
home.final_footer,homepage,Most lists returned within 24 hours.,รายชื่อส่วนใหญ่จะส่งคืนภายใน 24 ชั่วโมง
ui.menu_open,common,Open menu,เปิดเมนู
ui.menu_close,common,Close menu,ปิดเมนู
sos.bridge_dfy_cta,sos-hotline,See What You Get,ดูสิ่งที่คุณจะได้รับ
sos.bridge_dfy_desc,sos-hotline,"Send us your list. We review every address and return it labeled: Keep, Monitor, or Suppress.","ส่งรายชื่อมาให้เรา เราตรวจสอบทุกที่อยู่และส่งคืนพร้อมป้ายกำกับ: เก็บ, เฝ้าระวัง, หรือ ระงับ"
sos.bridge_dfy_title,sos-hotline,Done-For-You Review,การตรวจสอบแบบครบวงจร (Done-For-You)
sos.bridge_expert_cta,sos-hotline,See the Process,ดูกระบวนการ
sos.bridge_expert_desc,sos-hotline,Every list review includes a walkthrough of your results. We explain what we found.,ทุกการตรวจสอบรายชื่อรวมถึงการอธิบายผลลัพธ์ เราอธิบายสิ่งที่เราพบ
sos.bridge_expert_title,sos-hotline,Expert Interpretation,การตีความโดยผู้เชี่ยวชาญ
sos.bridge_intro,sos-hotline,"SOS gives you guidance. If you need someone to actually touch your data, we offer:","SOS ให้คำแนะนำ ถ้าคุณต้องการใครสักคนที่มาจัดการข้อมูลของคุณจริงๆ เราเสนอ:"
sos.bridge_title,sos-hotline,Need More Than Advice?,ต้องการมากกว่าคำแนะนำ?
sos.final_cta_subtext,sos-hotline,"Email us. Within 48 hours. Often sooner.","ส่งอีเมลหาเรา ภายใน 48 ชั่วโมง บ่อยครั้งเร็วกว่านั้น"
sos.final_cta_title,sos-hotline,Ready to Ask Your Question?,พร้อมถามคำถามหรือยัง?
sos.how_step1,sos-hotline,You send an email to the SOS Hotline,คุณส่งอีเมลไปที่สายด่วน SOS
sos.how_step2,sos-hotline,You receive an automatic reply confirming we got it,คุณจะได้รับอีเมลตอบกลับอัตโนมัติยืนยันว่าเราได้รับเรื่องแล้ว
sos.how_step3,sos-hotline,YT personally reads and responds within 48 hours,Yanna-Torry อ่านด้วยตัวเองและตอบกลับภายใน 48 ชั่วโมง
sos.topic_career_advice,sos-hotline,Career advice,คำแนะนำอาชีพ
sos.why_free_p1,sos-hotline,"We offer real help without charging because it is the right thing to do. Most questions fall into a few common patterns I see every week. Some people need a quick answer. Some need deeper support. Either way, the conversation starts the same.","เราเสนอความช่วยเหลือจริงโดยไม่คิดเงิน เพียงเพราะมันเป็นสิ่งที่ควรทำ คำถามส่วนใหญ่ตกอยู่ในรูปแบบเดิมๆ ที่ฉันเห็นทุกสัปดาห์ บางคนต้องการคำตอบด่วน บางคนต้องการการสนับสนุนเชิงลึก ไม่ว่าจะทางไหน การสนทนาเริ่มต้นเหมือนกัน"
sos.why_free_p2,sos-hotline,"If you need more than guidance, we offer done-for-you list reviews with expert interpretation included. But there is no pressure. The SOS Hotline exists to help, not to sell.","ถ้าคุณต้องการมากกว่าคำแนะนำ เราเสนอบริการตรวจสอบรายชื่อแบบครบวงจรพร้อมการตีความโดยผู้เชี่ยวชาญ แต่ไม่มีการกดดัน สายด่วน SOS มีไว้เพื่อช่วย ไม่ใช่เพื่อขาย"
sos.why_tagline,sos-hotline,Trust beats tactics.,ความไว้ใจชนะกลยุทธ์
sos.why_free_title,sos-hotline,Why Is This Free?,ทำไมถึงฟรี?
quiz.res_preventive_reality,quiz,You are doing the right things. A safety check ensures you do not accidentally hit a trap that did not exist last time you sent.,คุณกำลังทำสิ่งที่ถูกต้อง การตรวจสอบความปลอดภัยช่วยให้มั่นใจว่าคุณจะไม่เผลอไปโดนกับดักที่ยังไม่มีในครั้งล่าสุดที่คุณส่ง
quiz.modal_title,quiz,Talk to a Specialist,คุยกับผู้เชี่ยวชาญ
quiz.modal_subtitle,quiz,Tell us about your situation and we'll get back to you within 24 hours.,เล่าสถานการณ์ของคุณให้เราฟัง เราจะติดต่อกลับภายใน 24 ชั่วโมง
quiz.modal_message_placeholder,quiz,Tell us about your situation...,เล่าสถานการณ์ของคุณให้เราฟัง...
sos.final_title,sos-hotline,Ready to Ask Your Question?,พร้อมถามคำถามหรือยัง?
sos.final_cta,sos-hotline,Contact the SOS Hotline,ติดต่อสายด่วน SOS
sos.modal_title,sos-hotline,SOS Hotline,สายด่วน SOS
sos.modal_message_label,sos-hotline,What's going on?,เกิดอะไรขึ้น?
sos.modal_placeholder,sos-hotline,What's your email question?,คำถามเรื่องอีเมลของคุณคืออะไร?
sos.modal_submit,sos-hotline,Send to SOS Hotline,ส่งไปที่สายด่วน SOS
sos.modal_success,sos-hotline,Message Received,ได้รับข้อความแล้ว
sos.modal_success_text,sos-hotline,We'll get back to you within 24-48 hours.,เราจะติดต่อกลับภายใน 24-48 ชั่วโมง
sos.step1,sos-hotline,You send an email to the SOS Hotline,คุณส่งอีเมลไปที่สายด่วน SOS
sos.step2,sos-hotline,You receive an automatic reply confirming we got it,คุณจะได้รับอีเมลตอบกลับอัตโนมัติยืนยันว่าเราได้รับเรื่องแล้ว
sos.step3,sos-hotline,YT personally reads and responds within 48 hours,Yanna-Torry อ่านด้วยตัวเองและตอบกลับภายใน 48 ชั่วโมง
Key,Page,English,Turkish
home.step1_title,homepage,Send us your list,Listenizi bize gönderin
home.step1_desc,homepage,"CSV, Excel, whatever you have. We've seen it all. No judgment, no questions.","CSV, Excel, elinizde ne varsa. Hepsini gördük. Yargılama yok, soru yok."
home.step2_title,homepage,We review every address,Her adresi inceliyoruz
home.step2_desc,homepage,"One by one. Looking for bounces, spam traps, disposables, and reputation killers.","Tek tek. Bounce'lar, spam tuzakları, geçici e-postalar ve itibar katilleri aranıyor."
home.step3_title,homepage,Get your clean list back,Temiz listenizi geri alın
home.step3_desc,homepage,With clear labels and a report. You'll know exactly what to do with each address.,Net etiketler ve bir raporla. Her adresle tam olarak ne yapacağınızı bileceksiniz.
home.crisis_title,homepage,Crisis Mode?,Kriz Modu?
home.crisis_cta,homepage,Email the SOS Hotline,SOS Hattına E-posta Gönderin
home.final_title,homepage,Ready to know what's in your list?,Listenizde ne olduğunu bilmeye hazır mısınız?
home.final_cta,homepage,Get My List Cleaned,Listemi Temizle
home.symptoms_title,homepage,Sound familiar?,Tanıdık geliyor mu?
home.symptoms_subtitle,homepage,You're not alone. These are the patterns we see every day.,Yalnız değilsiniz. Bunlar her gün gördüğümüz kalıplar.
home.symptom_1,homepage,<strong>No idea</strong> where half this list came from.,Listenin yarısının nereden geldiği hakkında <strong>hiçbir fikriniz yok</strong>.
home.symptom_2,homepage,One tool says <strong>clean</strong>. Another says <strong>risky</strong>.,Bir araç <strong>temiz</strong> diyor. Diğeri <strong>riskli</strong> diyor.
home.symptom_3,homepage,"<strong>Scared to remove</strong> subscribers, even the ones who never open.","Asla açmayan aboneleri bile <strong>kaldırmaktan korkuyorsunuz</strong>."
home.symptom_4,homepage,Haven't emailed this list in <strong>months</strong>. Afraid to restart.,Bu listeye <strong>aylardır</strong> e-posta göndermediniz. Yeniden başlamaktan korkuyorsunuz.
home.symptom_5,homepage,Paid for list cleaning <strong>yesterday</strong>. Bounces <strong>today</strong>.,Liste temizliği için <strong>dün</strong> ödeme yaptınız. <strong>Bugün</strong> bounce'lar var.
home.symptom_6,homepage,Open rates <strong>dropped</strong> and nobody can explain why.,Açılma oranları <strong>düştü</strong> ve kimse nedenini açıklayamıyor.
home.symptom_7,homepage,List keeps <strong>growing</strong>. Revenue <strong>doesn't</strong>.,Liste <strong>büyümeye</strong> devam ediyor. Gelir <strong>artmıyor</strong>.
home.symptom_8,homepage,"Emails <strong>not inboxing</strong> anymore, going to spam or nowhere at all.","E-postalar artık <strong>gelen kutusuna düşmüyor</strong>, spame gidiyor veya hiç gitmiyor."
home.crisis_subtitle,homepage,"If any of these are true, start here.","Bunlardan herhangi biri doğruysa, buradan başlayın."
home.crisis_item_1,homepage,ESP sent a compliance warning or paused your sending.,ESP bir uyumluluk uyarısı gönderdi veya gönderiminizi duraklattı.
home.crisis_item_2,homepage,"Blocklisted, or you think you might be.","Blok listesindesiniz veya olabileceğinizi düşünüyorsunuz."
home.crisis_item_3,homepage,Last send spiked bounces. Now everyone's afraid to send again.,Son gönderim bounce'ları fırlattı. Şimdi herkes tekrar göndermekten korkuyor.
home.steps_title,homepage,How we actually work,Aslında nasıl çalışıyoruz
home.steps_subtitle,homepage,Simple process. Expert execution. Real results.,Basit süreç. Uzman uygulama. Gerçek sonuçlar.
home.step1_number,homepage,Step 01,Adım 01
home.step2_number,homepage,Step 02,Adım 02
home.step3_number,homepage,Step 03,Adım 03
home.steps_whisper,homepage,No outsourcing. No AI guesswork. Just experienced eyes on every list.,Dış kaynak kullanımı yok. Yapay zeka tahmini yok. Her listede sadece deneyimli gözler.
home.pullquote_text,homepage,"""She cleaned and organized our database with incredible efficiency and set us up for long-term success.""","""Veritabanımızı inanılmaz bir verimlilikle temizledi ve düzenledi ve bizi uzun vadeli başarıya hazırladı."""
home.pullquote_author,homepage,"Sam Cande, UK","Sam Cande, İngiltere"
home.manifesto_text,homepage,You've probably run your list through a tool before. It said 95% valid. You sent anyway. Bounces happened. That's the gap between validation and understanding.,Muhtemelen listenizi daha önce bir araçtan geçirmişsinizdir. %95 geçerli dedi. Yine de gönderdiniz. Bounce'lar oldu. Bu, doğrulama ile anlama arasındaki boşluktur.
home.features_title,homepage,What you actually get,Aslında ne alırsınız
home.feature1_title,homepage,Clear action labels,Net eylem etiketleri
home.feature1_desc,homepage,"Every email marked Keep, Monitor, or Suppress. No ambiguity, no guessing what to do next.","Her e-posta Sakla, İzle veya Kaldır olarak işaretlenir. Belirsizlik yok, bir sonraki adımda ne yapılacağı tahmini yok."
home.feature2_title,homepage,Detailed reasoning,Ayrıntılı gerekçelendirme
home.feature2_desc,homepage,"Not just 'risky', we tell you why. Spam trap patterns, domain issues, behavioral signals.","Sadece 'riskli' değil, nedenini söylüyoruz. Spam tuzağı kalıpları, alan adı sorunları, davranışsal sinyaller."
home.feature3_title,homepage,Expert interpretation included,Uzman yorumu dahil
home.feature3_desc,homepage,"Not just data, context. Every list review includes a walkthrough of your results. I explain what I found, what it means, and exactly what to do next.","Sadece veri değil, bağlam. Her liste incelemesi sonuçlarınızın üzerinden geçmeyi içerir. Ne bulduğumu, ne anlama geldiğini ve bir sonraki adımda tam olarak ne yapılması gerektiğini açıklarım."
home.quiz_cta_title,homepage,Not sure if your list needs this?,Listenizin buna ihtiyacı olup olmadığından emin değil misiniz?
home.quiz_cta_subtext,homepage,"Take a 2-minute self-assessment. Four questions about how you built your list, and we'll tell you what risk level you're probably at.","2 dakikalık bir öz değerlendirme yapın. Listenizi nasıl oluşturduğunuza dair dört soru sorun, size muhtemelen hangi risk seviyesinde olduğunuzu söyleyelim."
home.quiz_cta_button,homepage,Take the 2-Minute Risk Check,2 Dakikalık Risk Kontrolünü Yapın
home.testimonials_title,homepage,People who trusted us,Bize güvenen insanlar
home.testimonials_subtitle,homepage,Real feedback from real senders.,Gerçek göndericilerden gerçek geri bildirimler.
home.testimonial1_name,homepage,Megan S.,Megan S.
home.testimonial1_role,homepage,UK,İngiltere
home.testimonial1_quote,homepage,"""The SOS Hotline gave me extremely helpful guidance. Yanna-Torry cleaned our list and supported us beyond the call.""","""SOS Hattı bana son derece yararlı rehberlik sağladı. Yanna-Torry listemizi temizledi ve görüşmenin ötesinde bizi destekledi."""
home.testimonial2_name,homepage,Chris Mead,Chris Mead
home.testimonial2_role,homepage,UK,İngiltere
home.testimonial2_quote,homepage,"""Real human expertise. Tailor-made solutions. Not an AI tool.""","""Gerçek insan uzmanlığı. Özel çözümler. Bir yapay zeka aracı değil."""
home.testimonial3_name,homepage,Adeola Sole,Adeola Sole
home.testimonial3_role,homepage,UK,İngiltere
home.testimonial3_quote,homepage,"""RME provides deep insights our ESP misses and helped us segment smarter.""","""RME, ESP'mizin kaçırdığı derin içgörüler sağlıyor ve daha akıllıca segmentasyon yapmamıza yardımcı oldu."""
home.final_subtext,homepage,"Send us your list. We'll tell you exactly what's safe to send, what needs watching, and what will hurt you.","Listenizi bize gönderin. Size neyin güvenli gönderim olduğunu, neyin izlenmesi gerektiğini ve neyin size zarar vereceğini tam olarak söyleyelim."
home.final_footer,homepage,Most lists returned within 24 hours.,Çoğu liste 24 saat içinde iade edilir.
ui.menu_open,common,Open menu,Menüyü aç
ui.menu_close,common,Close menu,Menüyü kapat
sos.bridge_dfy_cta,sos-hotline,See What You Get,Ne Alacağınızı Görün
sos.bridge_dfy_desc,sos-hotline,"Send us your list. We review every address and return it labeled: Keep, Monitor, or Suppress.","Listenizi bize gönderin. Her adresi inceleriz ve etiketli olarak iade ederiz: Sakla, İzle veya Kaldır."
sos.bridge_dfy_title,sos-hotline,Done-For-You Review,Anahtar Teslim İnceleme (Done-For-You)
sos.bridge_expert_cta,sos-hotline,See the Process,Süreci Gör
sos.bridge_expert_desc,sos-hotline,Every list review includes a walkthrough of your results. We explain what we found.,Her liste incelemesi sonuçlarınızın üzerinden geçmeyi içerir. Ne bulduğumuzu açıklarız.
sos.bridge_expert_title,sos-hotline,Expert Interpretation,Uzman Yorumu
sos.bridge_intro,sos-hotline,"SOS gives you guidance. If you need someone to actually touch your data, we offer:","SOS size rehberlik eder. Verilerinize gerçekten dokunacak birine ihtiyacınız varsa, şunları sunuyoruz:"
sos.bridge_title,sos-hotline,Need More Than Advice?,Tavsiyeden Daha Fazlasına mı İhtiyacınız Var?
sos.final_cta_subtext,sos-hotline,"Email us. Within 48 hours. Often sooner.","Bize e-posta gönderin. 48 saat içinde. Genellikle daha erken."
sos.final_cta_title,sos-hotline,Ready to Ask Your Question?,Sorunuzu Sormaya Hazır mısınız?
sos.how_step1,sos-hotline,You send an email to the SOS Hotline,SOS Hattına bir e-posta gönderirsiniz
sos.how_step2,sos-hotline,You receive an automatic reply confirming we got it,Aldığımızı onaylayan otomatik bir yanıt alırsınız
sos.how_step3,sos-hotline,YT personally reads and responds within 48 hours,Yanna-Torry şahsen okur ve 48 saat içinde yanıt verir
sos.topic_career_advice,sos-hotline,Career advice,Kariyer tavsiyesi
sos.why_free_p1,sos-hotline,"We offer real help without charging because it is the right thing to do. Most questions fall into a few common patterns I see every week. Some people need a quick answer. Some need deeper support. Either way, the conversation starts the same.","Gerçek yardımı ücret almadan sunuyoruz, çünkü yapılması gereken doğru şey bu. Çoğu soru her hafta gördüğüm birkaç yaygın kalıba giriyor. Bazı insanların hızlı bir cevaba ihtiyacı var. Bazılarının daha derin desteğe ihtiyacı var. Her iki durumda da konuşma aynı şekilde başlar."
sos.why_free_p2,sos-hotline,"If you need more than guidance, we offer done-for-you list reviews with expert interpretation included. But there is no pressure. The SOS Hotline exists to help, not to sell.","Rehberlikten daha fazlasına ihtiyacınız varsa, uzman yorumu dahil anahtar teslim liste incelemeleri sunuyoruz. Ama baskı yok. SOS Hattı yardım etmek için var, satış yapmak için değil."
sos.why_tagline,sos-hotline,Trust beats tactics.,Güven taktikleri yener.
sos.more_intro,sos-hotline,"SOS gives you guidance. If you need someone to actually touch your data, we offer:","SOS size rehberlik eder. Verilerinize gerçekten dokunacak birine ihtiyacınız varsa, şunları sunuyoruz:"
sos.more_dfy_desc,sos-hotline,"Send us your list. We review every address and return it labeled: Keep, Monitor, or Suppress. Each gets a clear label, a definition, and why it matters.","Listenizi bize gönderin. Her adresi inceleriz ve etiketli olarak iade ederiz: Sakla, İzle veya Kaldır. Her biri net bir etiket, bir tanım ve neden önemli olduğunu alır."
sos.more_expert_desc,sos-hotline,"Every list review includes a walkthrough of your results. We explain what we found, what it means, and what to do next. Included free with every cleaning.","Her liste incelemesi sonuçlarınızın üzerinden geçmeyi içerir. Ne bulduğumuzu, ne anlama geldiğini ve bir sonraki adımda ne yapılacağını açıklarız. Her temizlikle birlikte ücretsizdir."
sos.testimonial1_quote,sos-hotline,"The SOS Hotline gave me extremely helpful guidance. Yanna-Torry cleaned our list and supported us beyond the call.","SOS Hattı bana son derece yararlı rehberlik sağladı. Yanna-Torry listemizi temizledi ve görüşmenin ötesinde bizi destekledi."
sos.testimonial1_author,sos-hotline,"Megan S, UK","Megan S, İngiltere"
sos.testimonial2_quote,sos-hotline,Real human expertise. Tailor-made solutions. Not an AI tool.,Gerçek insan uzmanlığı. Özel çözümler. Bir yapay zeka aracı değil.
sos.testimonial2_author,sos-hotline,"Chris Mead, UK","Chris Mead, İngiltere"
sos.testimonial3_quote,sos-hotline,RME provides deep insights our ESP misses and helped us segment smarter.,RME, ESP'mizin kaçırdığı derin içgörüler sağlıyor ve daha akıllıca segmentasyon yapmamıza yardımcı oldu.
sos.testimonial3_author,sos-hotline,"Adeola Sole, UK","Adeola Sole, İngiltere"
sos.topics_subhead,sos-hotline,"You do not need to be a client. You do not need to buy anything.","Müşteri olmanıza gerek yok. Hiçbir şey satın almanıza gerek yok."
sos.topics_footer,sos-hotline,...and anything else you are wondering about.,...ve merak ettiğiniz diğer her şey.
sos.topic_deliverability,sos-hotline,Deliverability,Teslim Edilebilirlik (Deliverability)
sos.topic_bounces,sos-hotline,Bounces,Bounce'lar (Geri Dönmeler)
sos.topic_blocklists,sos-hotline,Blocklists,Blok Listeleri
sos.topic_open_rates,sos-hotline,Open rates,Açılma oranları
sos.topic_esp_migration,sos-hotline,ESP migration,ESP geçişi
sos.topic_warmup,sos-hotline,Warmup,Isınma (Warmup)
sos.topic_list_cleaning,sos-hotline,List cleaning,Liste temizliği
sos.topic_engagement,sos-hotline,Engagement,Etkileşim
sos.topic_spam_complaints,sos-hotline,Spam complaints,Spam şikayetleri
sos.topic_reputation,sos-hotline,Reputation,İtibar
sos.topic_ip_warming,sos-hotline,IP warming,IP ısınma
sos.topic_segmentation,sos-hotline,Segmentation,Segmentasyon
sos.topic_inbox_placement,sos-hotline,Inbox placement,Gelen kutusu yerleşimi
sos.topic_sunsetting,sos-hotline,Sunsetting,Aşamalı sonlandırma (Sunsetting)
sos.topic_reengagement,sos-hotline,Re-engagement,Yeniden etkileşim
sos.topic_career,sos-hotline,Career advice,Kariyer tavsiyesi
sos.step1,sos-hotline,You send an email to the SOS Hotline,SOS Hattına bir e-posta gönderirsiniz
sos.step2,sos-hotline,You receive an automatic reply confirming we got it,Aldığımızı onaylayan otomatik bir yanıt alırsınız
sos.step3,sos-hotline,YT personally reads and responds within 48 hours,Yanna-Torry şahsen okur ve 48 saat içinde yanıt verir
sos.how_footer,sos-hotline,That is it. No booking system. Just reach out.,Bu kadar. Rezervasyon sistemi yok. Sadece ulaşın.
sos.how_send_message,sos-hotline,Send a message,Mesaj gönder
sos.final_cta_subtext,sos-hotline,"Email us. Within 48 hours. Often sooner.","Bize e-posta gönderin. 48 saat içinde. Genellikle daha erken."
sos.final_cta_title,sos-hotline,Ready to Ask Your Question?,Sorunuzu Sormaya Hazır mısınız?
sos.final_cta,sos-hotline,Contact the SOS Hotline,SOS Hattı ile İletişime Geçin
sos.modal_title,sos-hotline,SOS Hotline,SOS Hattı
sos.modal_message_label,sos-hotline,What's going on?,Neler oluyor?
sos.modal_placeholder,sos-hotline,What's your email question?,E-posta sorunuz nedir?
sos.modal_submit,sos-hotline,Send to SOS Hotline,SOS Hattına Gönder
sos.modal_success,sos-hotline,Message Received,Mesaj Alındı
sos.modal_success_text,sos-hotline,We'll get back to you within 24-48 hours.,Size 24-48 saat içinde geri döneceğiz.
Key,Page,English,Vietnamese
home.step1_title,homepage,Send us your list,Gửi danh sách cho chúng tôi
home.step1_desc,homepage,"CSV, Excel, whatever you have. We've seen it all. No judgment, no questions.","CSV, Excel, bất cứ định dạng nào. Chúng tôi nhận hết. Không phán xét, không thắc mắc."
home.step2_title,homepage,We review every address,Chúng tôi xem xét từng địa chỉ
home.step2_desc,homepage,"One by one. Looking for bounces, spam traps, disposables, and reputation killers.","Từng cái một. Tìm kiếm bounce, spam traps, email dùng một lần và các tác nhân giết chết danh tiếng."
home.step3_title,homepage,Get your clean list back,Nhận lại danh sách sạch của bạn
home.step3_desc,homepage,With clear labels and a report. You'll know exactly what to do with each address.,Với nhãn rõ ràng và báo cáo. Bạn sẽ biết chính xác cần làm gì với mỗi địa chỉ.
home.crisis_title,homepage,Crisis Mode?,Chế Độ Khủng Hoảng?
home.crisis_cta,homepage,Email the SOS Hotline,Gửi Email Cho SOS Hotline
home.final_title,homepage,Ready to know what's in your list?,Sẵn sàng biết có gì trong danh sách của bạn?
home.final_cta,homepage,Get My List Cleaned,Làm Sạch Danh Sách Ngay
home.symptoms_title,homepage,Sound familiar?,Nghe quen không?
home.symptoms_subtitle,homepage,You're not alone. These are the patterns we see every day.,Bạn không đơn độc. Đây là những mô hình chúng tôi thấy mỗi ngày.
home.symptom_1,homepage,<strong>No idea</strong> where half this list came from.,<strong>Không biết</strong> một nửa danh sách này đến từ đâu.
home.symptom_2,homepage,One tool says <strong>clean</strong>. Another says <strong>risky</strong>.,Một công cụ bảo <strong>sạch</strong>. Cái khác bảo <strong>rủi ro</strong>.
home.symptom_3,homepage,"<strong>Scared to remove</strong> subscribers, even the ones who never open.","<strong>Sợ xóa</strong> người đăng ký, ngay cả những người không bao giờ mở email."
home.symptom_4,homepage,Haven't emailed this list in <strong>months</strong>. Afraid to restart.,Chưa gửi email cho danh sách này trong <strong>nhiều tháng</strong>. Sợ bắt đầu lại.
home.symptom_5,homepage,Paid for list cleaning <strong>yesterday</strong>. Bounces <strong>today</strong>.,Vừa trả tiền làm sạch danh sách <strong>hôm qua</strong>. Hôm nay vẫn bị <strong>Bounce</strong>.
home.symptom_6,homepage,Open rates <strong>dropped</strong> and nobody can explain why.,Tỷ lệ mở <strong>giảm</strong> và không ai giải thích được tại sao.
home.symptom_7,homepage,List keeps <strong>growing</strong>. Revenue <strong>doesn't</strong>.,Danh sách cứ <strong>tăng</strong>. Doanh thu thì <strong>không</strong>.
home.symptom_8,homepage,"Emails <strong>not inboxing</strong> anymore, going to spam or nowhere at all.","Email <strong>không vào inbox</strong> nữa, mà vào spam hoặc biến mất luôn."
home.crisis_subtitle,homepage,"If any of these are true, start here.","Nếu bất kỳ điều nào sau đây là đúng, hãy bắt đầu từ đây."
home.crisis_item_1,homepage,ESP sent a compliance warning or paused your sending.,ESP gửi cảnh báo tuân thủ hoặc tạm dừng việc gửi của bạn.
home.crisis_item_2,homepage,"Blocklisted, or you think you might be.","Bị đưa vào Blocklist, hoặc bạn nghĩ mình có thể bị."
home.crisis_item_3,homepage,Last send spiked bounces. Now everyone's afraid to send again.,Lần gửi cuối cùng tỷ lệ bounce tăng vọt. Giờ ai cũng sợ gửi lại.
home.steps_title,homepage,How we actually work,Cách chúng tôi thực sự làm việc
home.steps_subtitle,homepage,Simple process. Expert execution. Real results.,Quy trình đơn giản. Thực thi bởi chuyên gia. Kết quả thực tế.
home.step1_number,homepage,Step 01,Bước 01
home.step2_number,homepage,Step 02,Bước 02
home.step3_number,homepage,Step 03,Bước 03
home.steps_whisper,homepage,No outsourcing. No AI guesswork. Just experienced eyes on every list.,Không thuê ngoài. Không đoán mò bằng AI. Chỉ có con mắt kinh nghiệm trên từng danh sách.
home.pullquote_text,homepage,"""She cleaned and organized our database with incredible efficiency and set us up for long-term success.""","""Cô ấy đã làm sạch và tổ chức cơ sở dữ liệu của chúng tôi hiệu quả đáng kinh ngạc và thiết lập cho chúng tôi thành công lâu dài."""
home.pullquote_author,homepage,"Sam Cande, UK","Sam Cande, Anh"
home.manifesto_text,homepage,You've probably run your list through a tool before. It said 95% valid. You sent anyway. Bounces happened. That's the gap between validation and understanding.,Bạn có thể đã chạy danh sách qua công cụ. Nó báo 95% hợp lệ. Bạn gửi đi. Bounce vẫn xảy ra. Đó là khoảng cách giữa validation và sự thấu hiểu.
home.features_title,homepage,What you actually get,Những gì bạn thực sự nhận được
home.feature1_title,homepage,Clear action labels,Nhãn hành động rõ ràng
home.feature1_desc,homepage,"Every email marked Keep, Monitor, or Suppress. No ambiguity, no guessing what to do next.","Mỗi email được dán nhãn Giữ, Theo dõi, hoặc Chặn. Không mơ hồ, không phải đoán bước tiếp theo."
home.feature2_title,homepage,Detailed reasoning,Lý do chi tiết
home.feature2_desc,homepage,"Not just 'risky', we tell you why. Spam trap patterns, domain issues, behavioral signals.","Không chỉ là 'rủi ro', chúng tôi cho biết tại sao. Mô hình bẫy spam, vấn đề tên miền, tín hiệu hành vi."
home.feature3_title,homepage,Expert interpretation included,Bao gồm diễn giải của chuyên gia
home.feature3_desc,homepage,"Not just data, context. Every list review includes a walkthrough of your results. I explain what I found, what it means, and exactly what to do next.","Không chỉ dữ liệu, mà là ngữ cảnh. Mỗi đánh giá bao gồm phần giải thích kết quả. Tôi giải thích những gì tôi tìm thấy, ý nghĩa của nó và chính xác cần làm gì tiếp theo."
home.quiz_cta_title,homepage,Not sure if your list needs this?,Không chắc danh sách của bạn có cần điều này không?
home.quiz_cta_subtext,homepage,"Take a 2-minute self-assessment. Four questions about how you built your list, and we'll tell you what risk level you're probably at.","Làm bài tự đánh giá 2 phút. Bốn câu hỏi về cách bạn xây dựng danh sách, và chúng tôi sẽ cho bạn biết mức độ rủi ro của bạn."
home.quiz_cta_button,homepage,Take the 2-Minute Risk Check,Làm Bài Kiểm Tra Rủi Ro
home.testimonials_title,homepage,People who trusted us,Những người đã tin tưởng chúng tôi
home.testimonials_subtitle,homepage,Real feedback from real senders.,Phản hồi thực tế từ những người gửi thực tế.
home.testimonial1_name,homepage,Megan S.,Megan S.
home.testimonial1_role,homepage,UK,Anh
home.testimonial1_quote,homepage,"""The SOS Hotline gave me extremely helpful guidance. Yanna-Torry cleaned our list and supported us beyond the call.""","""SOS Hotline đã cho tôi hướng dẫn cực kỳ hữu ích. Yanna-Torry đã làm sạch danh sách và hỗ trợ chúng tôi vượt quá mong đợi."""
home.testimonial2_name,homepage,Chris Mead,Chris Mead
home.testimonial2_role,homepage,UK,Anh
home.testimonial2_quote,homepage,"""Real human expertise. Tailor-made solutions. Not an AI tool.""","""Chuyên môn con người thực sự. Giải pháp thiết kế riêng. Không phải công cụ AI."""
home.testimonial3_name,homepage,Adeola Sole,Adeola Sole
home.testimonial3_role,homepage,UK,Anh
home.testimonial3_quote,homepage,"""RME provides deep insights our ESP misses and helped us segment smarter.""","""RME cung cấp thông tin chuyên sâu mà ESP của chúng tôi bỏ lỡ và giúp chúng tôi phân khúc thông minh hơn."""
home.final_subtext,homepage,"Send us your list. We'll tell you exactly what's safe to send, what needs watching, and what will hurt you.","Gửi danh sách cho chúng tôi. Chúng tôi sẽ cho biết chính xác cái nào an toàn, cái nào cần theo dõi và cái nào sẽ làm hại bạn."
home.final_footer,homepage,Most lists returned within 24 hours.,Hầu hết danh sách được trả lại trong vòng 24 giờ.
ui.menu_open,common,Open menu,Mở menu
ui.menu_close,common,Close menu,Đóng menu
sos.bridge_dfy_cta,sos-hotline,See What You Get,Xem Những Gì Bạn Nhận Được
sos.bridge_dfy_desc,sos-hotline,"Send us your list. We review every address and return it labeled: Keep, Monitor, or Suppress.","Gửi danh sách cho chúng tôi. Chúng tôi xem xét từng địa chỉ và trả lại với nhãn: Giữ, Theo dõi, hoặc Chặn."
sos.bridge_dfy_title,sos-hotline,Done-For-You Review,Đánh Giá Trọn Gói (Done-For-You)
sos.bridge_expert_cta,sos-hotline,See the Process,Xem Quy Trình
sos.bridge_expert_desc,sos-hotline,Every list review includes a walkthrough of your results. We explain what we found.,Mỗi đánh giá danh sách bao gồm phần giải thích kết quả. Chúng tôi giải thích những gì chúng tôi tìm thấy.
sos.bridge_expert_title,sos-hotline,Expert Interpretation,Diễn Giải Của Chuyên Gia
sos.bridge_intro,sos-hotline,"SOS gives you guidance. If you need someone to actually touch your data, we offer:","SOS cung cấp hướng dẫn. Nếu bạn cần ai đó thực sự xử lý dữ liệu của bạn, chúng tôi cung cấp:"
sos.bridge_title,sos-hotline,Need More Than Advice?,Cần Nhiều Hơn Lời Khuyên?
sos.final_cta_subtext,sos-hotline,"Email us. Within 48 hours. Often sooner.","Gửi email cho chúng tôi. Trong vòng 48 giờ. Thường sớm hơn."
sos.final_cta_title,sos-hotline,Ready to Ask Your Question?,Sẵn Sàng Đặt Câu Hỏi?
sos.how_step1,sos-hotline,You send an email to the SOS Hotline,Bạn gửi email đến SOS Hotline
sos.how_step2,sos-hotline,You receive an automatic reply confirming we got it,Bạn nhận được trả lời tự động xác nhận chúng tôi đã nhận được
sos.how_step3,sos-hotline,YT personally reads and responds within 48 hours,Yanna-Torry đích thân đọc và trả lời trong vòng 48 giờ
sos.topic_career_advice,sos-hotline,Career advice,Lời khuyên nghề nghiệp
sos.why_free_p1,sos-hotline,"We offer real help without charging because it is the right thing to do. Most questions fall into a few common patterns I see every week. Some people need a quick answer. Some need deeper support. Either way, the conversation starts the same.","Chúng tôi cung cấp sự trợ giúp thực sự mà không tính phí đơn giản vì đó là điều đúng đắn nên làm. Hầu hết các câu hỏi rơi vào một vài mẫu phổ biến mà tôi thấy hàng tuần. Một số người cần câu trả lời nhanh. Một số cần hỗ trợ sâu hơn. Dù thế nào, cuộc trò chuyện bắt đầu giống nhau."
sos.why_free_p2,sos-hotline,"If you need more than guidance, we offer done-for-you list reviews with expert interpretation included. But there is no pressure. The SOS Hotline exists to help, not to sell.","Nếu bạn cần nhiều hơn sự hướng dẫn, chúng tôi cung cấp các đánh giá danh sách trọn gói bao gồm diễn giải của chuyên gia. Nhưng không có áp lực. SOS Hotline tồn tại để giúp đỡ, không phải để bán hàng."
sos.why_tagline,sos-hotline,Trust beats tactics.,Niềm tin thắng chiến thuật.
sos.more_intro,sos-hotline,"SOS gives you guidance. If you need someone to actually touch your data, we offer:","SOS cung cấp hướng dẫn. Nếu bạn cần ai đó thực sự xử lý dữ liệu của bạn, chúng tôi cung cấp:"
sos.more_dfy_desc,sos-hotline,"Send us your list. We review every address and return it labeled: Keep, Monitor, or Suppress. Each gets a clear label, a definition, and why it matters.","Gửi danh sách cho chúng tôi. Chúng tôi xem xét từng địa chỉ và trả lại với nhãn: Giữ, Theo dõi, hoặc Chặn. Mỗi nhãn có định nghĩa rõ ràng và lý do tại sao nó quan trọng."
sos.more_expert_desc,sos-hotline,"Every list review includes a walkthrough of your results. We explain what we found, what it means, and what to do next. Included free with every cleaning.","Mỗi đánh giá danh sách bao gồm phần giải thích kết quả. Chúng tôi giải thích những gì chúng tôi tìm thấy, ý nghĩa của nó và bước tiếp theo. Bao gồm miễn phí với mỗi lần làm sạch."
sos.testimonial1_quote,sos-hotline,"The SOS Hotline gave me extremely helpful guidance. Yanna-Torry cleaned our list and supported us beyond the call.","SOS Hotline đã cho tôi hướng dẫn cực kỳ hữu ích. Yanna-Torry đã làm sạch danh sách của chúng tôi và hỗ trợ chúng tôi vượt quá mong đợi."
sos.testimonial1_author,sos-hotline,"Megan S, UK","Megan S, Anh"
sos.testimonial2_quote,sos-hotline,Real human expertise. Tailor-made solutions. Not an AI tool.,Chuyên môn con người thực sự. Giải pháp thiết kế riêng. Không phải công cụ AI.
sos.testimonial2_author,sos-hotline,"Chris Mead, UK","Chris Mead, Anh"
sos.testimonial3_quote,sos-hotline,RME provides deep insights our ESP misses and helped us segment smarter.,RME cung cấp thông tin chuyên sâu mà ESP của chúng tôi bỏ lỡ và giúp chúng tôi phân khúc thông minh hơn.
sos.testimonial3_author,sos-hotline,"Adeola Sole, UK","Adeola Sole, Anh"
sos.topics_subhead,sos-hotline,"You do not need to be a client. You do not need to buy anything.","Bạn không cần phải là khách hàng. Bạn không cần phải mua bất cứ thứ gì."
sos.topics_footer,sos-hotline,...and anything else you are wondering about.,...và bất cứ điều gì khác mà bạn đang thắc mắc.
sos.topic_deliverability,sos-hotline,Deliverability,Khả năng gửi (Deliverability)
sos.topic_bounces,sos-hotline,Bounces,Email bị trả lại (Bounces)
sos.topic_blocklists,sos-hotline,Blocklists,Danh sách đen (Blocklists)
sos.topic_open_rates,sos-hotline,Open rates,Tỷ lệ mở
sos.topic_esp_migration,sos-hotline,ESP migration,Di chuyển ESP
sos.topic_warmup,sos-hotline,Warmup,Làm nóng (Warmup)
sos.topic_list_cleaning,sos-hotline,List cleaning,Làm sạch danh sách
sos.topic_engagement,sos-hotline,Engagement,Tương tác
sos.topic_spam_complaints,sos-hotline,Spam complaints,Khiếu nại Spam
sos.topic_reputation,sos-hotline,Reputation,Uy tín
sos.topic_ip_warming,sos-hotline,IP warming,Làm nóng IP
sos.topic_segmentation,sos-hotline,Segmentation,Phân khúc
sos.topic_inbox_placement,sos-hotline,Inbox placement,Vào hộp thư đến
sos.topic_sunsetting,sos-hotline,Sunsetting,Loại bỏ dần (Sunsetting)
sos.topic_reengagement,sos-hotline,Re-engagement,Tương tác lại
sos.topic_career,sos-hotline,Career advice,Lời khuyên nghề nghiệp
sos.step1,sos-hotline,You send an email to the SOS Hotline,Bạn gửi email đến SOS Hotline
sos.step2,sos-hotline,You receive an automatic reply confirming we got it,Bạn nhận được trả lời tự động xác nhận chúng tôi đã nhận được
sos.step3,sos-hotline,YT personally reads and responds within 48 hours,Yanna-Torry đích thân đọc và trả lời trong vòng 48 giờ
sos.how_footer,sos-hotline,That is it. No booking system. Just reach out.,Chỉ vậy thôi. Không có hệ thống đặt chỗ. Chỉ cần liên hệ.
sos.how_send_message,sos-hotline,Send a message,Gửi tin nhắn
sos.final_cta_subtext,sos-hotline,"Email us. Within 48 hours. Often sooner.","Gửi email cho chúng tôi. Trong vòng 48 giờ. Thường sớm hơn."
sos.final_cta_title,sos-hotline,Ready to Ask Your Question?,Sẵn Sàng Đặt Câu Hỏi?
sos.final_cta,sos-hotline,Contact the SOS Hotline,Liên Hệ SOS Hotline
sos.modal_title,sos-hotline,SOS Hotline,SOS Hotline
sos.modal_message_label,sos-hotline,What's going on?,Chuyện gì đang xảy ra?
sos.modal_placeholder,sos-hotline,What's your email question?,Câu hỏi về email của bạn là gì?
sos.modal_submit,sos-hotline,Send to SOS Hotline,Gửi đến SOS Hotline
sos.modal_success,sos-hotline,Message Received,Đã nhận tin nhắn
sos.modal_success_text,sos-hotline,We'll get back to you within 24-48 hours.,Chúng tôi sẽ phản hồi trong vòng 24-48 giờ.